Albania, Driver Card, ID Card, Professional DL, Passport
Algeria, Driving Licence, ID Card, Passport
Argentina, Alien ID, Driving Licence, ID Card, Passport
Armenia,ID Card
Australia, Passport, ID Card, Driving Licence, Proof Of Age Card
Austria, Passport, ID Card, Driving Licence
Azerbaijan, ID Card, Passport
Bahamas, Driving Licence, ID Card
Bahrain,ID Card
Bangladesh, Driving Licence, ID Card, Passport
Belarus, Driving Licence, Passport
Belgium, Driving Licence, ID Card, Passport, Minors ID, Residence Permit, Resident ID
Bermuda,Driving Licence
Bolivia, Driving Licence, ID Card, Minors ID
Bosnia And Herzegovina, Driving Licence, ID Card, Passport
Botswana,ID Card
Brazil, Driving Licence, Passport
Brunei, ID Card, Military ID, Residence Permit, Temporary Residence Permit
Bulgaria, Driving Licence, ID Card, Passport
Burkina Faso,ID Card
Cambodia, Driving Licence, ID Card, Passport
Cameroon,ID Card
Canada, Passport, ID Card, Citizenship Certificate, Residence Permit, Tribal ID, Weapon Permit, Driving Licence, Public Services Card
Chile, Alien ID, Driving Licence, ID Card, Passport
Colombia, Alien ID, Driving Licence, ID Card, Minors ID, Passport
Costa Rica, Driving Licence, ID Card
Croatia, Driving Licence, ID Card, Residence Permit, Passport
Cyprus, Driving Licence, ID Card, Residence Permit
Czechia, Driving Licence, ID Card, Residence Permit, Passport
Democratic Republic Of The Congo,Driving Licence
Denmark, Driving Licence, Residence Permit, Passport
Dominican Republic, Driving Licence, ID Card
Ecuador, Driving Licence, ID Card
Egypt, Driving Licence, ID Card, Passport
El Salvador, Driving Licence, ID Card
Estonia, Driving Licence, ID Card, Residence Permit, Passport
Eswatini,Passport
Finland, Alien ID, Driving Licence, ID Card, Residence Permit, Passport
France, Driving Licence, ID Card, Residence Permit, Passport
Georgia, Driving Licence, ID Card, Passport
Germany, Driving Licence, ID Card, Residence Permit, Passport
Ghana, Driving Licence, ID Card, Passport
Greece, Driving Licence, ID Card, Residence Permit, Passport
Guatemala, Consular ID, Driving Licence, ID Card, Passport
Haiti, Driving Licence, ID Card, Passport
Honduras, Driving Licence, ID Card, Passport
Hong Kong, ID Card, Passport
Hungary, Address Card, Driving Licence, ID Card, Residence Permit, Passport
Iceland,Driving Licence
India, PAN Card, Passport, Voter ID, Driving Licence
Indonesia, Driving Licence, ID Card, Passport
Iran,Passport
Iraq, ID Card, Passport
Ireland, Driving Licence, Passport Card, Public Services Card, Passport
Israel, Driving Licence, ID Card, Passport
Italy, Driving Licence, ID Card, Residence Permit, Passport
Ivory Coast, Driving Licence, ID Card
Jamaica,Driving Licence
Japan, Driving Licence, Passport
Jordan, Driving Licence, ID Card, Passport
Kazakhstan,ID Card
Kenya, ID Card, Passport
Kosovo, Driving Licence, ID Card, Passport
Kuwait, Driving Licence, ID Card, Resident ID
Kyrgyzstan,ID Card
Latvia, Alien ID, Driving Licence, ID Card, Residence Permit Passport
Lebanon,ID Card
Libya,Passport
Lithuania, Driving Licence, ID Card, Passport
Luxembourg, Driving Licence, ID Card, Residence Permit
Malaysia, Driving Licence, MyKAS, MyKad, MyKid, MyPR, MyPolis, MyTentera, Refugee ID, Passport, i-Kad
Maldives,ID Card
Malta, Driving Licence, ID Card, Residence Permit
Mexico, Consular ID, Passport, Professional DL, Residence Permit, Voter ID, Driving Licence
Moldova, ID Card, Passport
Montenegro, Driving Licence, ID Card, Passport
Morocco, Driving Licence, ID Card, Passport
Mozambique,Driving Licence
Myanmar,Driving Licence
Nepal,Passport
Netherlands, Driving Licence, ID Card, Residence Permit, Passport
New Zealand, Driving Licence, Passport
Nicaragua,ID Card
Nigeria, Driving Licence, ID Card, Passport, Voter ID
North Macedonia, Driving Licence, ID Card, Passport
Norway, Driving Licence, Residence Permit, Passport
Oman, Driving Licence, ID Card, Resident ID
Pakistan, Consular ID, ID Card, Passport, Driving Licence
Panama, Driving Licence, ID Card, Temporary Residence Permit
Paraguay, Driving Licence, ID Card
Peru, Driving Licence, ID Card, Minors ID
Philippines, Driving Licence, Multipurpose ID, Passport, Professional ID, Social Security Card, Tax ID, Voter ID
Poland, Driving Licence, ID Card, Residence Permit, Passport
Portugal, Driving Licence, ID Card, Residence Permit, Passport
Puerto Rico, Driving Licence, Voter ID
Qatar, Driving Licence, ID Card, Residence Permit
Romania, Driving Licence, ID Card, Passport
Russia, Driving Licence, Passport
Rwanda,ID Card
Saudi Arabia, Driving Licence, ID Card, Resident ID, Passport
Senegal,ID Card
Serbia, Driving Licence, ID Card, Passport
Singapore, Driving Licence, Employment Pass, Fin Card, ID Card, Resident ID, Passport, S Pass, Work Permit
Slovakia, Driving Licence, ID Card, Residence Permit, Passport
Slovenia, Driving Licence, ID Card, Residence Permit, Passport
South Africa, Driving Licence, ID Card, Passport
South Korea, Driving Licence, ID Card, Passport
Spain, Alien ID, Driving Licence, ID Card, Residence Permit, Passport
Sri Lanka, Driving Licence, ID Card, Passport
Sudan,Passport
Sweden,Driving Licence, ID Card, Residence Permit, Passport
Switzerland, Driving Licence, ID Card, Residence Permit, Passport
Syria,Passport
Taiwan,ID Card, Temporary Residence Permit
Tajikistan,Passport
Tanzania, Driving Licence, ID Card, Voter ID
Thailand, Alien ID, Driving Licence, ID Card, Passport
Trinidad And Tobago, Driving Licence, ID Card
Tunisia, Driving Licence, ID Card, Passport
Turkey, Driving Licence, ID Card, Residence Permit, Passport
United Arab Emirates, Driving Licence, ID Card, Resident ID
Uganda, Driving Licence, ID Card
United Kingdom, Driving Licence, Passport, Residence Permit
Ukraine, Driving Licence, ID Card, Passport
Uruguay,ID Card
United States of America, Border Crossing Card, Global Entry Card, Green Card, Military ID, Nexus Card, Passport, Social Security Card, Veteran ID, Work Permit, Driving Licence, ID Card, Weapon Permit
Uzbekistan, Driving Licence, Passport
Venezuela, Driving Licence, ID Card, Passport
Vietnam, Driving Licence, ID Card
Zimbabwe,Passport
